{"coef": [16355.102589739136, 4697.803038020154, 2749.6123806696673, 7335354597171933.0, 7363911827318932.0, 7287881524351511.0, 7293980324377552.0, 7337581477228584.0, 7299751388169058.0, 7326596682424676.0, 7326437307844770.0, 7285472085961895.0, 7292536533397473.0, 7336150023472362.0, 7324364983366143.0, -3892388572014701.5, -3887292569581065.5, -3895746493389890.5, -3904091695736980.0, -3889667145351612.0, 5984268436304533.0, 5945269537279228.0, 5998437197216342.0, 5946544090134167.0, 5946225491855459.0, 5959583751950628.0, 5960641929362631.0, 5940167061779376.0, 5946756474199554.0, 5942081290207456.0, -1.2776481292229198e+16, -1.2812783854075616e+16, -1.2791075063828104e+16, -1.2810970752013646e+16, -1.2750830694394964e+16, 1232777914909673.8, 1230760846965531.2, 1221981810090456.0, 1224875312268732.2, 1224131034577670.0, 1228586158999384.5, 1227932576434027.5, 1229347985099014.8, 1225575165377956.8, 1225662603195473.8, 1.1368564264198306e+16, 1.1373478789201744e+16, 1.134895407114981e+16], "intercept": 145713.353669375, "feature_names": ["experience_years", "skills_count", "certifications", "job_title_AI Engineer", "job_title_Backend Developer", "job_title_Business Analyst", "job_title_Cloud Engineer", "job_title_Cybersecurity Analyst", "job_title_Data Analyst", "job_title_Data Scientist", "job_title_DevOps Engineer", "job_title_Frontend Developer", "job_title_Machine Learning Engineer", "job_title_Product Manager", "job_title_Software Engineer", "education_level_Bachelor", "education_level_Diploma", "education_level_High School", "education_level_Master", "education_level_PhD", "industry_Consulting", "industry_Education", "industry_Finance", "industry_Government", "industry_Healthcare", "industry_Manufacturing", "industry_Media", "industry_Retail", "industry_Technology", "industry_Telecom", "company_size_Enterprise", "company_size_Large", "company_size_Medium", "company_size_Small", "company_size_Startup", "location_Australia", "location_Canada", "location_Germany", "location_India", "location_Netherlands", "location_Remote", "location_Singapore", "location_Sweden", "location_UK", "location_USA", "remote_work_Hybrid", "remote_work_No", "remote_work_Yes"], "scaler_mean": [10.005408, 9.997812, 2.491928, 0.08378, 0.0845, 0.082592, 0.082744, 0.083836, 0.082888, 0.08356, 0.083556, 0.082532, 0.082708, 0.0838, 0.083504, 0.1998, 0.199104, 0.20026, 0.201408, 0.199428, 0.101032, 0.099556, 0.101572, 0.099604, 0.099592, 0.100096, 0.100136, 0.099364, 0.099612, 0.099436, 0.1995, 0.201016, 0.200108, 0.20094, 0.198436, 0.101032, 0.10066, 0.099052, 0.09958, 0.099444, 0.10026, 0.10014, 0.1004, 0.099708, 0.099724, 0.333904, 0.334484, 0.331612], "scaler_scale": [6.060590297449251, 5.479277252763907, 1.706472045717714, 0.2770575961781232, 0.27813620763935065, 0.27526453010876645, 0.2754948828272497, 0.27714170581852166, 0.2757128568928189, 0.276726808242353, 0.27672078863721106, 0.2751735252090942, 0.27544035059518784, 0.2770876395655353, 0.2766425165877436, 0.3998499218456845, 0.3993264293582382, 0.4001948680330622, 0.40105213817657176, 0.3995703602821411, 0.30137109180543514, 0.29940708552738027, 0.3020846384972265, 0.29947127271910406, 0.2994552279323239, 0.300127957351527, 0.30018124775541855, 0.29915012201902913, 0.2994819684989399, 0.2992465236289304, 0.3996245112602579, 0.40075998770336346, 0.40008097722336156, 0.40070327725138466, 0.3988222083886502, 0.30137109180543514, 0.30087798922486836, 0.2987318216996643, 0.29943918180492013, 0.29925723193266357, 0.30034635406476967, 0.300186575982338, 0.30053259390621845, 0.29961027141271374, 0.29963164689998956, 0.4716058935000707, 0.4718097643584753, 0.47079239740675516]}